<?xml version='1.0' encoding='UTF-8'?><inventory format-version="1.0"><drivers><driver><id>b330c00e-e16f-476e-a87f-c926aa57d66e</id><name>EveNgDyn</name><description>EVE-NG driver that builds dynamically the labs</description><attachment><id>aa3c7349-eb2f-4e99-8079-1cf30f503d5b</id><name>ri_evengDyn</name><contentType>application/zip</contentType></attachment></driver></drivers><templates><template><id>0f27b93f-a15d-4f8c-ba2b-b11f4c2ee058</id><revisionId>0f27b93f-a15d-4f8c-ba2b-b11f4c2ee058</revisionId><name>EVENG_Dyn</name><description>EVE-NG template for VPC</description><isTemplate>true</isTemplate><parentTemplateId>8df1e912-6d47-4794-907b-5382956d1497</parentTemplateId><parentTemplateName>Orchestrated Resource</parentTemplateName><driverId>b330c00e-e16f-476e-a87f-c926aa57d66e</driverId><driverName>EveNgDyn</driverName><l2SwitchId>285225e0-ede0-4f59-bfe4-7b428b66bf1c</l2SwitchId><l2SwitchName>EVE_NG_L2</l2SwitchName><type>DEVICE</type><interfaceType>ORCHESTRATION</interfaceType><utilizationType>SHARED</utilizationType><reservationTime>IMMEDIATE</reservationTime><isCustomReservationTime>true</isCustomReservationTime><properties><property><name>ClusterIP</name><isReservationArgument>false</isReservationArgument><description></description><datatype>STRING</datatype><widgetType>TEXT_FIELD</widgetType><value></value><required>false</required><group>7693a962-b6ff-4a3a-835c-4a293b7de28d</group><seqNo>1</seqNo><encrypted>false</encrypted></property><property><name>eveng_id</name><isReservationArgument>false</isReservationArgument><description></description><datatype>STRING</datatype><widgetType>TEXT_FIELD</widgetType><required>false</required><group>ae5fe798-0b9c-49b3-ae5d-9505cbc8d9a9</group><seqNo>1</seqNo><encrypted>false</encrypted></property><property><name>ipAddress</name><isReservationArgument>false</isReservationArgument><description></description><datatype>STRING</datatype><widgetType>TEXT_FIELD</widgetType><required>false</required><group>7570014a-f9f8-4a07-afd4-0b8cc607b971</group><seqNo>1</seqNo><encrypted>false</encrypted></property><property><name>template</name><isReservationArgument>false</isReservationArgument><description></description><datatype>STRING</datatype><widgetType>TEXT_FIELD</widgetType><value></value><required>true</required><group>2841234b-7863-41d8-abc7-3b4cad2d25a1</group><seqNo>1</seqNo><encrypted>false</encrypted></property><property><name>ClusterUsername</name><isReservationArgument>false</isReservationArgument><description></description><datatype>STRING</datatype><widgetType>TEXT_FIELD</widgetType><value>admin</value><required>false</required><group>7693a962-b6ff-4a3a-835c-4a293b7de28d</group><seqNo>2</seqNo><encrypted>false</encrypted></property><property><name>Port</name><isReservationArgument>false</isReservationArgument><description></description><datatype>STRING</datatype><widgetType>TEXT_FIELD</widgetType><required>false</required><group>7570014a-f9f8-4a07-afd4-0b8cc607b971</group><seqNo>2</seqNo><encrypted>false</encrypted></property><property><name>eveng_ipAddress</name><isReservationArgument>false</isReservationArgument><description></description><datatype>STRING</datatype><widgetType>TEXT_FIELD</widgetType><required>false</required><group>ae5fe798-0b9c-49b3-ae5d-9505cbc8d9a9</group><seqNo>2</seqNo><encrypted>false</encrypted></property><property><name>type</name><isReservationArgument>false</isReservationArgument><description></description><datatype>STRING</datatype><widgetType>TEXT_FIELD</widgetType><value></value><required>true</required><group>2841234b-7863-41d8-abc7-3b4cad2d25a1</group><seqNo>2</seqNo><encrypted>false</encrypted></property><property><name>ClusterPassword</name><isReservationArgument>false</isReservationArgument><description></description><datatype>STRING</datatype><widgetType>PASSWORD_FIELD</widgetType><value>ThOHSw3fufwmo5cgM6Rty7t0aSr_ursdysxjcHiNhdw=</value><required>false</required><group>7693a962-b6ff-4a3a-835c-4a293b7de28d</group><seqNo>3</seqNo><encrypted>true</encrypted></property><property><name>eveng_telnetPort</name><isReservationArgument>false</isReservationArgument><description></description><datatype>STRING</datatype><widgetType>TEXT_FIELD</widgetType><required>false</required><group>ae5fe798-0b9c-49b3-ae5d-9505cbc8d9a9</group><seqNo>3</seqNo><encrypted>false</encrypted></property><property><name>image</name><isReservationArgument>false</isReservationArgument><description></description><datatype>STRING</datatype><widgetType>TEXT_FIELD</widgetType><value></value><required>true</required><group>2841234b-7863-41d8-abc7-3b4cad2d25a1</group><seqNo>3</seqNo><encrypted>false</encrypted></property><property><name>username</name><isReservationArgument>false</isReservationArgument><description></description><datatype>STRING</datatype><widgetType>TEXT_FIELD</widgetType><required>false</required><group>7570014a-f9f8-4a07-afd4-0b8cc607b971</group><seqNo>3</seqNo><encrypted>false</encrypted></property><property><name>eveng_topoLeft</name><isReservationArgument>false</isReservationArgument><description></description><datatype>STRING</datatype><widgetType>TEXT_FIELD</widgetType><required>false</required><group>ae5fe798-0b9c-49b3-ae5d-9505cbc8d9a9</group><seqNo>4</seqNo><encrypted>false</encrypted></property><property><name>icon</name><isReservationArgument>false</isReservationArgument><description></description><datatype>STRING</datatype><widgetType>TEXT_FIELD</widgetType><value></value><required>true</required><group>2841234b-7863-41d8-abc7-3b4cad2d25a1</group><seqNo>4</seqNo><encrypted>false</encrypted></property><property><name>password</name><isReservationArgument>false</isReservationArgument><description></description><datatype>STRING</datatype><widgetType>TEXT_FIELD</widgetType><required>false</required><group>7570014a-f9f8-4a07-afd4-0b8cc607b971</group><seqNo>4</seqNo><encrypted>false</encrypted></property><property><name>eveng_topoTop</name><isReservationArgument>false</isReservationArgument><description></description><datatype>STRING</datatype><widgetType>TEXT_FIELD</widgetType><required>false</required><group>ae5fe798-0b9c-49b3-ae5d-9505cbc8d9a9</group><seqNo>5</seqNo><encrypted>false</encrypted></property><property><name>idlepc</name><isReservationArgument>false</isReservationArgument><description></description><datatype>STRING</datatype><widgetType>TEXT_FIELD</widgetType><value>0x60c08728</value><required>true</required><group>2841234b-7863-41d8-abc7-3b4cad2d25a1</group><seqNo>5</seqNo><encrypted>false</encrypted></property><property><name>nvram</name><isReservationArgument>false</isReservationArgument><description></description><datatype>STRING</datatype><widgetType>TEXT_FIELD</widgetType><value>128</value><required>true</required><group>2841234b-7863-41d8-abc7-3b4cad2d25a1</group><seqNo>6</seqNo><encrypted>false</encrypted></property><property><name>ram</name><isReservationArgument>false</isReservationArgument><description></description><datatype>STRING</datatype><widgetType>TEXT_FIELD</widgetType><value>256</value><required>true</required><group>2841234b-7863-41d8-abc7-3b4cad2d25a1</group><seqNo>7</seqNo><encrypted>false</encrypted></property><property><name>slot1</name><isReservationArgument>false</isReservationArgument><description></description><datatype>STRING</datatype><widgetType>TEXT_FIELD</widgetType><value>Empty</value><required>false</required><group>2841234b-7863-41d8-abc7-3b4cad2d25a1</group><seqNo>8</seqNo><encrypted>false</encrypted></property><property><name>slot2</name><isReservationArgument>false</isReservationArgument><description></description><datatype>STRING</datatype><widgetType>TEXT_FIELD</widgetType><value>Empty</value><required>false</required><group>2841234b-7863-41d8-abc7-3b4cad2d25a1</group><seqNo>9</seqNo><encrypted>false</encrypted></property><property><name>config</name><isReservationArgument>false</isReservationArgument><description></description><datatype>STRING</datatype><widgetType>TEXT_FIELD</widgetType><value>0</value><required>true</required><group>2841234b-7863-41d8-abc7-3b4cad2d25a1</group><seqNo>10</seqNo><encrypted>false</encrypted></property><property><name>delay</name><isReservationArgument>false</isReservationArgument><description></description><datatype>STRING</datatype><widgetType>TEXT_FIELD</widgetType><value>0</value><required>true</required><group>2841234b-7863-41d8-abc7-3b4cad2d25a1</group><seqNo>11</seqNo><encrypted>false</encrypted></property><property><name>left</name><isReservationArgument>false</isReservationArgument><description></description><datatype>STRING</datatype><widgetType>TEXT_FIELD</widgetType><value>0</value><required>true</required><group>2841234b-7863-41d8-abc7-3b4cad2d25a1</group><seqNo>12</seqNo><encrypted>false</encrypted></property><property><name>top</name><isReservationArgument>false</isReservationArgument><description></description><datatype>STRING</datatype><widgetType>TEXT_FIELD</widgetType><value>0</value><required>true</required><group>2841234b-7863-41d8-abc7-3b4cad2d25a1</group><seqNo>13</seqNo><encrypted>false</encrypted></property><property><name>postfix</name><isReservationArgument>false</isReservationArgument><description></description><datatype>STRING</datatype><widgetType>TEXT_FIELD</widgetType><value>0</value><required>true</required><group>2841234b-7863-41d8-abc7-3b4cad2d25a1</group><seqNo>14</seqNo><encrypted>false</encrypted></property></properties><children><child><id>539ec2fc-00f0-4c5a-835b-5889328de6ad</id><revisionId>539ec2fc-00f0-4c5a-835b-5889328de6ad</revisionId><name>e0</name><description></description><isTemplate>false</isTemplate><parentTemplateId>c6f4d20a-5cc4-4a71-9b9a-199a198eb441</parentTemplateId><type>TEMPLATE_PORT</type><interfaceType>NONE</interfaceType><utilizationType>EXCLUSIVE</utilizationType><reservationTime>IMMEDIATE</reservationTime><isCustomReservationTime>false</isCustomReservationTime><properties><property><name>portNumber</name><isReservationArgument>false</isReservationArgument><description>System port number. Example: 1.1.1</description><datatype>STRING</datatype><widgetType>TEXT_FIELD</widgetType><value>e0</value><required>true</required><group>dbb278df-9c99-4503-ba76-49d176ac67ce</group><seqNo>1</seqNo><encrypted>false</encrypted></property><property><name>Id</name><isReservationArgument>false</isReservationArgument><description>EVE_NG interface Id</description><datatype>STRING</datatype><widgetType>TEXT_FIELD</widgetType><value>0</value><required>false</required><group>dbb278df-9c99-4503-ba76-49d176ac67ce</group><seqNo>4</seqNo><encrypted>false</encrypted></property></properties><propertyGroups><propertyGroup><id>dbb278df-9c99-4503-ba76-49d176ac67ce</id><name>System Identification</name><seqNo>1</seqNo><isHidden>false</isHidden></propertyGroup></propertyGroups><icon/><defaultImageAttach/><defaultConfigAttach/></child><child><id>010fc8e9-f70a-472e-83e6-87d8e74383a6</id><revisionId>010fc8e9-f70a-472e-83e6-87d8e74383a6</revisionId><name>fa0</name><description></description><isTemplate>false</isTemplate><parentTemplateId>c6f4d20a-5cc4-4a71-9b9a-199a198eb441</parentTemplateId><type>TEMPLATE_PORT</type><interfaceType>NONE</interfaceType><utilizationType>EXCLUSIVE</utilizationType><reservationTime>IMMEDIATE</reservationTime><isCustomReservationTime>false</isCustomReservationTime><properties><property><name>portNumber</name><isReservationArgument>false</isReservationArgument><description>System port number. Example: 1.1.1</description><datatype>STRING</datatype><widgetType>TEXT_FIELD</widgetType><value>fa0</value><required>true</required><group>dbb278df-9c99-4503-ba76-49d176ac67ce</group><seqNo>1</seqNo><encrypted>false</encrypted></property><property><name>Id</name><isReservationArgument>false</isReservationArgument><description>EVE_NG interface Id</description><datatype>STRING</datatype><widgetType>TEXT_FIELD</widgetType><value>1</value><required>false</required><group>dbb278df-9c99-4503-ba76-49d176ac67ce</group><seqNo>4</seqNo><encrypted>false</encrypted></property>